student_id,faculty,attendance_rate,gpa_sem1,weekly_lms_hours,quiz_avg_score,late_assignments,is_at_risk
STD_0001,FISIP,84.3,3.27,16.1,86.2,0,0
STD_0002,FST,81.5,2.99,11.4,57.6,1,0
STD_0003,FEB,80.2,2.69,18.4,53.1,1,0
STD_0004,FEB,69.1,2.74,8.7,47.4,4,1
STD_0005,FISIP,97.1,4.0,13.6,84.4,1,0
STD_0006,FH,67.5,3.1,12.2,73.3,2,0
STD_0007,FISIP,89.0,3.49,10.2,80.6,1,0
STD_0008,FST,74.7,2.7,6.3,65.3,2,0
STD_0009,FH,79.9,2.71,6.0,52.9,0,0
STD_0010,FST,91.2,3.64,7.4,89.2,2,0
STD_0011,FISIP,94.4,2.43,17.3,60.4,3,1
STD_0012,FH,66.2,2.89,7.4,73.7,2,1
STD_0013,FISIP,82.2,3.12,7.7,57.2,2,1
STD_0014,FTMM,83.0,3.16,14.3,75.6,0,0
STD_0015,FEB,61.7,3.01,8.3,60.7,4,1
STD_0016,FH,86.1,3.3,10.8,72.8,0,0
STD_0017,FEB,66.2,3.45,8.0,83.2,5,0
STD_0018,FTMM,75.3,3.47,26.2,80.1,2,0
STD_0019,FH,78.4,2.61,16.7,55.3,1,1
STD_0020,FEB,79.3,2.96,17.9,69.2,0,0
STD_0021,FEB,68.7,3.7,10.5,71.7,4,0
STD_0022,FH,88.8,3.55,15.7,90.1,0,0
STD_0023,FEB,58.8,2.41,5.8,56.6,1,1
STD_0024,FEB,84.0,3.28,6.6,84.5,1,0
STD_0025,FH,73.8,2.11,4.3,48.0,4,1
STD_0026,FEB,81.3,3.12,11.5,68.3,1,1
STD_0027,FEB,81.4,4.0,11.6,83.9,0,0
STD_0028,FST,68.0,2.63,9.6,69.5,1,1
STD_0029,FST,79.7,2.68,5.4,58.0,0,1
STD_0030,FTMM,78.6,3.48,10.3,84.8,0,0
STD_0031,FST,75.5,2.33,12.3,53.5,0,1
STD_0032,FST,73.6,2.78,9.1,49.9,2,1
STD_0033,FTMM,82.4,3.4,14.7,73.4,0,1
STD_0034,FEB,63.5,2.78,7.2,56.2,5,1
STD_0035,FEB,48.3,2.98,16.0,69.9,2,1
STD_0036,FST,74.8,3.47,12.3,69.9,4,1
STD_0037,FTMM,78.0,3.31,8.0,83.6,0,0
STD_0038,FEB,96.2,3.23,8.1,73.9,0,0
STD_0039,FISIP,81.0,2.93,11.8,67.2,1,0
STD_0040,FH,66.0,3.29,17.2,80.9,2,0
STD_0041,FH,49.9,3.04,9.3,78.5,1,1
STD_0042,FH,79.0,3.33,8.5,76.4,0,0
STD_0043,FST,94.4,2.85,17.8,60.9,0,0
STD_0044,FH,63.4,3.01,12.7,56.0,1,0
STD_0045,FH,71.8,2.61,8.8,56.6,4,1
STD_0046,FISIP,79.6,3.08,10.2,66.7,0,0
STD_0047,FEB,71.8,2.69,6.8,64.7,3,1
STD_0048,FISIP,89.2,2.54,11.0,58.1,1,0
STD_0049,FST,84.4,3.23,9.1,80.1,1,0
STD_0050,FH,60.5,3.21,39.0,69.2,3,0
STD_0051,FEB,80.8,3.49,10.9,79.4,1,0
STD_0052,FH,87.4,2.88,9.8,77.2,1,0
STD_0053,FH,75.1,3.3,11.6,78.8,1,0
STD_0054,FST,60.7,3.38,21.7,77.0,5,0
STD_0055,FH,91.4,3.32,16.3,71.6,0,0
STD_0056,FTMM,64.3,2.69,9.0,58.7,3,1
STD_0057,FEB,68.8,3.17,14.0,66.7,4,0
STD_0058,FEB,83.5,3.28,11.9,71.3,1,0
STD_0059,FTMM,92.6,3.1,10.3,78.1,1,0
STD_0060,FST,93.3,2.06,5.4,49.4,3,1
STD_0061,FH,71.2,3.18,10.1,62.8,2,1
STD_0062,FH,92.1,4.0,9.7,100.0,1,0
STD_0063,FEB,74.2,2.92,20.6,71.0,5,1
STD_0064,FST,77.0,2.74,7.9,53.5,0,1
STD_0065,FST,71.5,3.29,24.8,72.2,5,1
STD_0066,FST,90.9,3.26,11.1,76.0,0,0
STD_0067,FH,47.2,3.7,13.4,97.6,6,1
STD_0068,FST,72.1,2.47,9.6,50.6,0,0
STD_0069,FTMM,91.6,3.47,7.8,87.1,0,0
STD_0070,FISIP,83.3,3.4,9.6,89.1,2,0
STD_0071,FST,96.6,3.03,6.7,65.5,0,0
STD_0072,FISIP,89.5,3.27,12.4,73.2,0,0
STD_0073,FH,72.6,3.61,10.8,74.0,4,1
STD_0074,FST,89.1,3.54,16.1,79.1,2,0
STD_0075,FEB,90.9,2.53,6.6,60.3,1,0
STD_0076,FH,60.1,3.51,8.1,85.5,1,0
STD_0077,FTMM,71.4,3.07,9.3,80.1,2,1
STD_0078,FTMM,68.4,3.14,21.9,66.7,3,1
STD_0079,FISIP,93.0,3.14,13.7,57.0,1,0
STD_0080,FISIP,96.6,3.02,9.3,70.3,0,0
STD_0081,FEB,96.4,3.7,11.8,86.3,3,0
STD_0082,FEB,65.5,3.06,6.6,73.2,2,1
STD_0083,FTMM,84.9,2.54,30.1,58.2,0,0
STD_0084,FST,95.7,2.9,12.4,69.1,0,0
STD_0085,FTMM,71.1,3.19,8.4,85.9,5,0
STD_0086,FTMM,88.3,3.71,12.7,87.3,2,0
STD_0087,FEB,63.5,3.4,7.5,75.0,7,1
STD_0088,FISIP,81.6,2.67,25.6,59.5,0,0
STD_0089,FEB,82.0,4.0,9.2,88.6,2,0
STD_0090,FEB,78.4,3.23,12.7,87.7,1,0
STD_0091,FEB,85.2,3.74,9.2,83.3,1,0
STD_0092,FTMM,75.4,3.02,13.6,70.3,1,0
STD_0093,FST,86.3,3.37,15.7,73.5,2,0
STD_0094,FTMM,83.4,3.52,13.8,89.2,0,0
STD_0095,FH,43.9,3.71,13.1,99.9,2,0
STD_0096,FEB,77.7,3.63,20.6,86.2,0,0
STD_0097,FEB,89.8,3.54,7.6,81.4,1,0
STD_0098,FH,86.5,2.94,8.3,69.1,0,0
STD_0099,FEB,88.2,2.81,7.3,47.2,1,0
STD_0100,FEB,87.0,3.27,33.1,81.3,1,0
STD_0101,FEB,73.6,3.57,10.1,82.4,3,0
STD_0102,FH,89.3,2.99,13.9,73.2,0,0
STD_0103,FTMM,78.0,3.63,14.2,77.0,0,0
STD_0104,FEB,86.2,3.83,9.1,83.5,1,0
STD_0105,FST,83.4,2.64,6.9,59.5,0,1
STD_0106,FH,90.3,2.68,7.3,71.8,0,0
STD_0107,FISIP,74.0,3.03,9.2,67.6,3,0
STD_0108,FH,81.2,3.25,8.1,91.7,0,0
STD_0109,FTMM,73.7,2.84,5.8,70.2,5,0
STD_0110,FH,94.2,3.78,20.2,75.3,1,0
STD_0111,FISIP,94.5,3.31,26.8,75.2,1,0
STD_0112,FST,70.3,3.12,8.7,67.2,10,1
STD_0113,FISIP,58.2,2.38,7.2,40.1,3,1
STD_0114,FH,65.9,2.44,4.9,71.6,3,0
STD_0115,FISIP,41.7,3.24,13.3,80.4,3,1
STD_0116,FH,90.0,2.03,14.5,54.9,0,0
STD_0117,FST,43.5,3.61,8.2,83.4,4,0
STD_0118,FST,62.5,3.02,7.1,59.4,2,1
STD_0119,FTMM,79.4,4.0,17.4,86.1,0,0
STD_0120,FST,68.1,4.0,13.7,96.7,3,0
STD_0121,FEB,74.2,3.01,6.3,61.8,1,0
STD_0122,FISIP,46.7,3.05,11.9,50.7,4,1
STD_0123,FISIP,86.4,3.6,9.4,80.1,1,0
STD_0124,FH,72.6,3.95,10.7,87.9,3,0
STD_0125,FST,67.2,2.28,13.4,56.7,4,1
STD_0126,FTMM,97.3,2.21,14.4,60.0,1,1
STD_0127,FTMM,68.4,2.79,8.6,70.9,4,1
STD_0128,FTMM,96.4,3.39,24.4,79.9,1,0
STD_0129,FEB,66.5,3.35,9.8,86.5,6,0
STD_0130,FST,62.8,3.63,16.1,70.5,5,1
STD_0131,FTMM,91.4,2.5,9.0,64.0,0,1
STD_0132,FEB,66.8,1.94,17.6,53.9,2,1
STD_0133,FISIP,86.5,3.53,21.4,70.7,0,0
STD_0134,FH,90.7,2.69,5.9,51.7,2,1
STD_0135,FST,88.5,2.09,20.7,45.8,1,0
STD_0136,FST,71.9,3.17,16.8,68.2,1,0
STD_0137,FISIP,82.0,3.5,16.4,86.0,0,0
STD_0138,FST,84.0,3.04,7.4,65.9,4,1
STD_0139,FST,45.7,2.87,15.6,60.6,2,1
STD_0140,FST,79.7,3.02,17.4,65.5,1,0
STD_0141,FST,89.9,2.91,7.9,77.2,1,0
STD_0142,FEB,92.1,2.43,23.1,58.6,0,0
STD_0143,FEB,89.2,2.74,5.8,63.4,3,1
STD_0144,FH,79.6,3.36,7.7,76.3,0,0
STD_0145,FST,89.8,3.26,11.1,85.6,0,0
STD_0146,FISIP,75.1,3.18,11.5,67.7,0,0
STD_0147,FTMM,95.6,2.6,11.4,72.6,0,0
STD_0148,FH,89.6,3.01,6.1,71.9,1,1
STD_0149,FTMM,76.0,2.01,23.4,48.9,1,0
STD_0150,FTMM,77.5,3.19,6.7,93.8,2,1
STD_0151,FST,81.7,3.81,8.6,77.8,0,0
STD_0152,FISIP,83.1,2.36,4.8,54.4,2,1
STD_0153,FTMM,90.3,2.81,10.6,56.3,0,0
STD_0154,FTMM,96.2,3.26,22.7,82.9,0,0
STD_0155,FH,72.1,3.73,14.0,98.0,6,0
STD_0156,FISIP,77.1,2.88,16.1,80.9,0,1
STD_0157,FISIP,67.1,2.75,5.6,74.9,1,1
STD_0158,FTMM,68.3,2.12,8.9,50.7,5,1
STD_0159,FISIP,81.5,3.15,10.0,70.1,1,0
STD_0160,FH,73.7,4.0,12.1,76.6,2,0
STD_0161,FH,74.6,3.24,6.9,91.1,8,1
STD_0162,FH,74.5,3.09,13.1,75.5,3,0
STD_0163,FST,71.7,3.26,10.7,71.3,3,0
STD_0164,FTMM,64.8,3.09,14.9,82.5,2,1
STD_0165,FISIP,97.1,2.69,9.4,56.1,2,1
STD_0166,FH,72.2,3.51,8.0,83.5,5,0
STD_0167,FTMM,80.1,3.21,12.7,72.9,2,0
STD_0168,FTMM,86.1,3.11,7.4,77.3,0,0
STD_0169,FST,79.3,2.61,17.6,61.7,0,0
STD_0170,FISIP,92.7,3.75,13.2,73.4,0,0
STD_0171,FISIP,72.8,3.43,7.9,79.3,3,0
STD_0172,FH,61.9,2.82,25.3,74.9,3,0
STD_0173,FH,80.2,3.6,11.6,81.8,0,0
STD_0174,FTMM,61.0,2.85,6.2,73.2,5,1
STD_0175,FISIP,66.9,2.71,11.3,55.8,4,1
STD_0176,FISIP,98.0,2.72,7.2,64.2,0,0
STD_0177,FH,84.6,2.21,14.2,49.3,2,1
STD_0178,FEB,69.7,3.34,16.9,82.7,4,0
STD_0179,FTMM,91.2,2.18,27.5,53.9,2,0
STD_0180,FISIP,62.9,2.49,9.2,65.2,4,0
STD_0181,FST,88.8,2.06,7.8,59.9,1,0
STD_0182,FST,78.5,3.06,14.5,76.7,2,0
STD_0183,FEB,87.1,3.02,6.9,72.7,0,0
STD_0184,FH,89.3,2.94,10.6,60.7,2,0
STD_0185,FH,86.8,2.58,9.9,61.6,0,0
STD_0186,FH,74.0,2.51,5.6,56.0,2,1
STD_0187,FST,68.6,3.33,9.9,73.9,2,1
STD_0188,FH,77.9,2.82,17.2,63.5,1,0
STD_0189,FST,43.8,3.26,18.2,67.3,4,1
STD_0190,FEB,77.9,2.66,5.9,47.5,0,0
STD_0191,FTMM,79.5,3.19,7.0,68.5,0,1
STD_0192,FISIP,79.8,3.75,9.3,86.6,0,0
STD_0193,FEB,74.7,3.39,19.3,67.1,7,1
STD_0194,FST,85.9,2.89,6.6,68.0,0,0
STD_0195,FEB,60.3,3.23,14.1,89.8,3,0
STD_0196,FISIP,79.1,2.98,6.6,77.8,1,0
STD_0197,FTMM,79.4,3.1,12.1,85.2,0,0
STD_0198,FISIP,85.3,2.94,8.5,71.9,0,0
STD_0199,FST,82.2,3.02,15.4,79.7,0,0
STD_0200,FISIP,79.9,3.21,8.0,68.3,1,1
STD_0201,FEB,73.5,2.6,11.3,56.9,3,1
STD_0202,FH,78.5,2.59,6.8,39.9,1,1
STD_0203,FEB,96.5,2.41,12.3,67.6,0,1
STD_0204,FST,98.1,2.3,17.0,68.3,0,0
STD_0205,FTMM,91.9,2.49,5.8,55.4,1,1
STD_0206,FISIP,81.0,3.18,18.4,71.6,1,0
STD_0207,FTMM,77.1,2.65,10.7,57.0,0,1
STD_0208,FST,62.4,3.36,7.5,80.2,3,0
STD_0209,FISIP,85.4,3.12,9.6,81.3,1,0
STD_0210,FEB,71.5,2.12,5.3,38.4,1,1
STD_0211,FEB,56.8,3.43,14.1,81.8,3,1
STD_0212,FST,79.8,3.51,15.5,77.9,0,0
STD_0213,FISIP,97.5,2.6,5.9,63.0,1,0
STD_0214,FEB,61.5,3.31,10.9,79.9,4,0
STD_0215,FST,83.3,2.67,15.5,61.9,0,0
STD_0216,FST,84.0,3.15,22.8,72.1,0,0
STD_0217,FTMM,80.4,2.47,9.3,57.6,0,1
STD_0218,FEB,87.4,2.2,22.4,61.8,1,0
STD_0219,FISIP,65.8,2.91,10.4,71.5,0,0
STD_0220,FEB,75.5,3.04,9.1,72.5,1,0
STD_0221,FEB,81.8,2.9,17.1,57.9,2,0
STD_0222,FEB,67.1,2.51,9.1,57.1,5,1
STD_0223,FST,68.2,2.9,9.6,75.2,3,1
STD_0224,FH,79.2,3.23,10.5,75.0,2,0
STD_0225,FH,73.7,3.08,17.4,76.8,8,0
STD_0226,FTMM,77.6,3.19,17.1,88.0,1,0
STD_0227,FEB,92.0,2.76,8.6,73.6,0,0
STD_0228,FH,85.8,3.69,9.8,84.5,2,0
STD_0229,FTMM,72.9,2.51,9.1,56.2,2,1
STD_0230,FST,82.3,3.34,11.8,56.4,0,0
STD_0231,FEB,60.4,3.69,9.0,82.5,5,0
STD_0232,FISIP,51.6,3.34,16.2,74.2,1,1
STD_0233,FST,77.9,3.0,10.0,73.1,1,0
STD_0234,FTMM,83.9,2.84,8.1,65.5,0,0
STD_0235,FST,90.1,3.62,7.9,79.8,0,0
STD_0236,FISIP,90.5,2.39,6.4,43.5,0,1
STD_0237,FST,90.4,2.61,23.1,54.8,1,0
STD_0238,FTMM,89.8,2.9,8.0,71.8,0,0
STD_0239,FISIP,75.0,3.72,8.5,98.1,0,0
STD_0240,FISIP,68.9,3.29,10.3,75.0,1,0
STD_0241,FST,73.5,2.62,7.4,64.9,2,1
STD_0242,FISIP,74.9,2.94,6.1,76.5,4,0
STD_0243,FST,82.8,2.79,7.9,59.4,0,0
STD_0244,FEB,58.1,2.75,10.2,67.8,1,1
STD_0245,FISIP,91.4,3.59,12.0,75.9,1,0
STD_0246,FST,67.0,2.41,7.5,65.2,4,1
STD_0247,FEB,68.8,3.9,11.4,89.3,2,0
STD_0248,FISIP,81.1,3.51,27.2,82.7,0,0
STD_0249,FEB,77.7,3.65,10.1,76.6,1,0
STD_0250,FISIP,88.2,2.87,7.5,73.0,1,0
STD_0251,FTMM,55.8,3.03,7.7,87.2,4,1
STD_0252,FTMM,73.3,2.38,8.4,49.6,5,1
STD_0253,FST,93.6,2.84,14.2,64.0,1,0
STD_0254,FH,61.5,3.35,8.1,78.8,3,0
STD_0255,FTMM,70.1,3.75,14.9,91.3,3,0
STD_0256,FH,78.9,2.55,5.2,56.5,1,1
STD_0257,FEB,80.4,2.92,9.1,45.7,1,0
STD_0258,FEB,77.0,3.02,15.0,81.4,0,1
STD_0259,FH,86.4,2.4,7.3,64.1,2,0
STD_0260,FST,80.6,3.4,11.8,64.0,1,1
STD_0261,FISIP,57.3,2.74,6.9,59.9,2,1
STD_0262,FH,61.2,3.0,14.1,82.6,3,1
STD_0263,FH,81.3,2.87,6.1,79.1,2,0
STD_0264,FH,74.3,2.71,16.9,71.6,3,1
STD_0265,FH,88.4,3.1,7.5,70.5,1,0
STD_0266,FH,70.7,2.99,18.4,70.5,2,1
STD_0267,FST,88.0,2.91,8.4,67.2,1,0
STD_0268,FTMM,84.3,2.74,13.2,73.7,0,0
STD_0269,FISIP,94.5,3.26,8.8,68.2,0,0
STD_0270,FTMM,77.6,3.93,22.0,82.1,0,0
STD_0271,FH,87.4,3.17,7.2,81.5,0,0
STD_0272,FTMM,73.7,3.6,8.4,81.6,3,0
STD_0273,FST,47.7,2.4,8.9,69.1,3,1
STD_0274,FEB,76.5,3.18,6.9,68.2,2,0
STD_0275,FTMM,67.7,2.55,6.4,60.6,1,0
STD_0276,FISIP,72.3,2.36,22.0,49.9,4,1
STD_0277,FST,49.2,2.73,28.0,64.7,2,0
STD_0278,FEB,88.2,3.7,10.2,72.1,1,0
STD_0279,FST,96.1,3.58,22.6,77.6,0,0
STD_0280,FH,98.5,3.22,11.2,62.9,0,0
STD_0281,FEB,79.6,2.33,6.6,62.2,0,1
STD_0282,FISIP,73.6,3.0,13.3,75.8,6,0
STD_0283,FEB,92.1,3.25,13.0,61.2,1,0
STD_0284,FISIP,78.2,3.19,33.5,84.4,1,0
STD_0285,FH,86.6,2.18,6.2,73.5,0,1
STD_0286,FISIP,76.8,2.65,12.0,63.5,1,0
STD_0287,FST,67.8,3.07,6.5,66.2,1,0
STD_0288,FTMM,77.6,3.37,7.5,100.0,1,0
STD_0289,FST,87.6,2.0,4.0,39.5,0,1
STD_0290,FST,77.9,3.02,40.0,70.5,0,0
STD_0291,FEB,84.7,3.17,16.1,74.9,0,0
STD_0292,FH,86.3,3.52,16.3,91.3,0,0
STD_0293,FTMM,82.1,3.45,11.2,81.8,1,0
STD_0294,FISIP,88.7,3.39,8.9,73.8,0,0
STD_0295,FEB,84.2,2.7,6.4,56.4,0,0
STD_0296,FH,78.7,2.15,6.3,50.2,2,1
STD_0297,FTMM,95.1,2.9,8.6,60.0,1,0
STD_0298,FST,54.2,3.6,15.7,82.4,1,0
STD_0299,FH,68.0,3.8,12.2,81.4,3,0
STD_0300,FH,85.9,3.46,7.4,67.2,0,0
STD_0301,FH,96.1,3.31,6.7,86.3,0,0
STD_0302,FST,73.0,3.29,7.2,71.8,3,0
STD_0303,FISIP,79.8,2.82,8.8,56.3,3,1
STD_0304,FEB,64.2,3.03,22.3,69.4,8,1
STD_0305,FISIP,87.7,3.93,14.0,89.2,0,0
STD_0306,FTMM,89.5,2.63,15.0,48.6,1,0
STD_0307,FEB,86.3,3.91,11.6,90.8,1,0
STD_0308,FTMM,81.9,2.94,8.6,60.4,1,0
STD_0309,FST,91.6,3.76,8.2,98.9,0,0
STD_0310,FISIP,81.7,2.4,17.3,62.1,2,1
STD_0311,FH,81.9,3.39,16.0,74.7,1,0
STD_0312,FEB,80.1,2.73,6.6,58.7,0,0
STD_0313,FH,82.2,2.39,9.1,57.0,0,0
STD_0314,FTMM,70.1,3.21,10.4,79.1,3,1
STD_0315,FH,67.2,3.6,13.1,81.9,3,0
STD_0316,FH,55.6,2.68,22.9,61.8,4,1
STD_0317,FST,64.0,2.35,9.9,57.5,7,1
STD_0318,FST,81.5,3.05,10.8,66.3,0,0
STD_0319,FISIP,80.9,3.06,6.4,68.4,1,0
STD_0320,FTMM,53.1,3.37,7.1,60.8,5,1
STD_0321,FST,64.8,3.57,8.4,89.3,4,0
STD_0322,FST,68.1,3.07,6.3,73.8,5,1
STD_0323,FISIP,72.2,4.0,16.2,83.8,2,0
STD_0324,FEB,61.4,3.21,14.1,89.4,2,0
STD_0325,FISIP,68.0,2.93,6.7,69.2,5,0
STD_0326,FH,75.2,2.29,15.4,47.6,1,0
STD_0327,FH,88.2,2.97,6.9,76.2,0,0
STD_0328,FST,58.9,2.93,8.0,71.8,5,1
STD_0329,FST,82.9,3.58,8.9,84.8,0,0
STD_0330,FISIP,44.1,3.33,9.5,73.2,3,1
STD_0331,FISIP,74.6,2.51,6.8,63.8,2,1
STD_0332,FTMM,93.0,3.19,10.4,71.6,2,0
STD_0333,FH,43.9,3.44,10.0,83.2,4,0
STD_0334,FISIP,74.3,3.86,33.6,72.0,4,0
STD_0335,FEB,89.5,3.54,7.4,77.4,0,0
STD_0336,FTMM,89.7,3.48,7.9,93.4,0,0
STD_0337,FISIP,57.1,3.13,6.6,66.5,1,1
STD_0338,FST,83.0,3.29,12.5,71.1,0,0
STD_0339,FISIP,77.2,3.72,7.8,80.9,1,0
STD_0340,FST,62.2,2.43,15.7,49.0,4,1
STD_0341,FST,63.8,2.93,10.2,50.8,3,1
STD_0342,FH,73.9,2.71,9.9,62.4,6,1
STD_0343,FH,84.1,3.29,11.5,76.9,1,1
STD_0344,FISIP,81.0,3.72,8.6,83.9,2,0
STD_0345,FISIP,60.6,2.8,6.9,64.9,3,1
STD_0346,FEB,43.1,1.9,6.1,48.4,1,1
STD_0347,FTMM,78.9,2.89,11.2,76.1,0,1
STD_0348,FTMM,82.0,3.56,8.5,79.6,2,0
STD_0349,FISIP,92.2,3.37,7.5,72.8,1,0
STD_0350,FH,50.0,3.31,27.7,74.0,1,0
STD_0351,FEB,63.3,2.96,6.1,73.8,4,1
STD_0352,FTMM,88.7,2.46,14.7,70.5,0,0
STD_0353,FISIP,88.7,3.36,16.0,72.1,3,0
STD_0354,FH,95.3,2.68,7.5,64.4,1,0
STD_0355,FH,55.4,4.0,8.9,92.7,2,0
STD_0356,FH,84.1,3.39,7.7,69.8,0,0
STD_0357,FST,82.3,2.81,12.8,66.4,2,1
STD_0358,FH,94.3,2.79,11.8,54.2,1,0
STD_0359,FISIP,56.4,3.05,15.3,56.9,5,1
STD_0360,FEB,76.6,2.98,22.6,72.5,1,0
STD_0361,FISIP,84.7,3.66,14.4,80.1,1,0
STD_0362,FH,84.7,3.19,7.4,75.5,0,0
STD_0363,FEB,72.8,2.73,7.1,64.5,4,1
STD_0364,FTMM,91.1,4.0,19.1,82.2,0,0
STD_0365,FTMM,55.1,3.12,7.7,72.1,5,1
STD_0366,FISIP,51.1,3.48,7.4,69.8,6,1
STD_0367,FEB,81.7,2.8,12.9,77.0,0,0
STD_0368,FISIP,77.7,3.28,9.7,64.8,0,0
STD_0369,FEB,87.8,3.26,21.7,73.5,1,0
STD_0370,FEB,80.3,2.16,10.6,44.8,2,1
STD_0371,FISIP,69.0,4.0,8.6,94.6,4,0
STD_0372,FEB,93.3,3.75,25.2,82.3,4,0
STD_0373,FH,78.4,2.9,7.6,63.9,2,1
STD_0374,FEB,73.6,2.55,7.6,67.8,6,1
STD_0375,FEB,97.2,3.27,9.6,75.7,1,0
STD_0376,FISIP,60.9,3.14,6.6,77.0,5,1
STD_0377,FTMM,76.7,3.28,10.7,67.7,0,0
STD_0378,FST,85.4,3.2,7.2,62.7,0,0
STD_0379,FEB,75.9,3.35,9.8,77.9,2,0
STD_0380,FST,67.5,3.82,10.2,83.9,3,1
STD_0381,FEB,88.6,3.38,15.7,82.7,1,0
STD_0382,FISIP,71.2,2.58,14.9,60.9,3,1
STD_0383,FISIP,89.6,3.78,8.6,87.3,0,0
STD_0384,FEB,65.0,3.92,10.6,75.4,7,1
STD_0385,FISIP,82.4,4.0,10.8,100.0,3,0
STD_0386,FISIP,68.9,2.54,6.1,59.5,2,1
STD_0387,FEB,84.4,3.22,16.1,80.0,1,0
STD_0388,FTMM,91.2,2.06,11.5,44.5,0,0
STD_0389,FEB,77.8,3.38,8.0,80.0,0,0
STD_0390,FTMM,78.3,2.83,8.4,56.1,0,0
STD_0391,FISIP,46.6,4.0,8.7,93.6,3,1
STD_0392,FTMM,56.8,2.71,11.4,61.4,2,0
STD_0393,FISIP,83.2,2.26,5.3,55.3,2,1
STD_0394,FTMM,80.4,2.86,31.3,72.9,1,0
STD_0395,FTMM,93.9,2.11,13.3,42.4,3,1
STD_0396,FEB,87.3,3.48,9.9,74.0,3,0
STD_0397,FTMM,68.7,2.07,9.3,55.0,9,1
STD_0398,FISIP,72.4,3.11,20.8,89.1,6,1
STD_0399,FEB,79.2,2.06,9.0,50.1,0,1
STD_0400,FTMM,72.2,2.94,7.0,73.5,0,0
STD_0401,FEB,93.5,3.92,10.7,87.6,0,0
STD_0402,FST,67.4,3.28,17.7,91.1,4,0
STD_0403,FEB,86.7,2.67,11.5,49.4,1,1
STD_0404,FST,87.9,3.08,12.5,72.4,0,0
STD_0405,FST,66.5,3.11,18.3,59.2,7,1
STD_0406,FEB,66.3,3.34,20.1,56.7,4,0
STD_0407,FISIP,78.3,2.42,20.0,60.7,0,0
STD_0408,FISIP,75.7,3.4,7.4,79.0,1,0
STD_0409,FISIP,82.1,1.75,8.2,42.7,0,1
STD_0410,FH,63.2,2.79,13.7,64.9,7,1
STD_0411,FST,57.2,2.86,14.2,91.9,1,1
STD_0412,FEB,77.1,3.42,12.4,76.3,1,1
STD_0413,FISIP,84.8,3.11,7.3,76.3,0,0
STD_0414,FISIP,83.7,2.4,14.4,52.7,1,1
STD_0415,FEB,73.8,2.61,12.9,64.5,3,1
STD_0416,FST,49.0,3.2,6.9,72.1,5,1
STD_0417,FEB,67.4,3.06,9.9,67.9,2,1
STD_0418,FH,86.1,2.81,6.8,80.8,0,0
STD_0419,FH,91.7,2.86,8.2,76.6,0,0
STD_0420,FEB,52.6,3.45,7.0,80.1,5,1
STD_0421,FST,93.1,2.84,8.8,48.4,1,1
STD_0422,FISIP,89.2,3.06,10.9,68.2,0,0
STD_0423,FH,90.9,4.0,13.8,100.0,0,0
STD_0424,FH,77.5,2.39,11.3,55.9,2,1
STD_0425,FST,79.8,2.17,15.2,62.3,2,1
STD_0426,FH,91.0,3.49,8.4,91.4,1,0
STD_0427,FH,70.9,2.76,6.3,67.0,4,1
STD_0428,FST,94.2,2.94,17.3,62.1,5,1
STD_0429,FEB,79.8,2.71,6.4,44.7,0,1
STD_0430,FISIP,90.6,2.97,28.0,74.9,1,0
STD_0431,FISIP,90.1,3.9,18.9,81.5,1,0
STD_0432,FH,45.0,3.5,11.2,81.4,2,0
STD_0433,FISIP,86.1,3.53,31.0,70.6,0,0
STD_0434,FEB,73.0,2.39,5.4,55.7,3,1
STD_0435,FH,58.0,2.52,7.2,60.8,2,1
STD_0436,FISIP,76.7,1.68,9.5,45.8,1,1
STD_0437,FTMM,92.5,2.7,8.0,55.0,2,1
STD_0438,FTMM,73.5,3.58,23.0,91.1,6,0
STD_0439,FTMM,87.1,3.36,7.1,72.4,0,0
STD_0440,FTMM,81.6,2.99,10.8,56.4,2,0
STD_0441,FTMM,63.4,3.09,11.5,70.9,3,1
STD_0442,FH,98.6,2.76,11.9,65.4,2,0
STD_0443,FST,84.0,3.2,8.2,75.3,1,0
STD_0444,FST,95.8,3.48,9.7,90.6,2,0
STD_0445,FH,64.9,2.29,15.7,53.9,4,1
STD_0446,FH,62.6,3.25,7.8,74.0,3,0
STD_0447,FEB,88.1,3.57,17.7,72.5,0,0
STD_0448,FST,87.7,2.89,10.7,74.4,0,0
STD_0449,FTMM,78.2,3.45,15.5,80.5,2,0
STD_0450,FH,90.1,4.0,15.5,86.6,2,0
STD_0451,FTMM,71.5,3.05,7.5,55.7,3,1
STD_0452,FST,58.4,3.3,11.6,87.5,6,1
STD_0453,FISIP,59.9,2.73,17.6,54.8,2,1
STD_0454,FISIP,86.0,3.19,9.8,69.1,0,0
STD_0455,FH,59.4,3.33,27.1,79.5,4,0
STD_0456,FEB,94.4,3.2,10.0,64.4,0,0
STD_0457,FTMM,85.5,2.59,6.1,49.9,1,0
STD_0458,FH,89.5,3.2,9.4,57.1,2,0
STD_0459,FEB,94.4,3.83,25.8,92.4,0,0
STD_0460,FTMM,78.6,3.32,9.0,72.1,1,0
STD_0461,FST,69.3,3.58,19.3,100.0,5,0
STD_0462,FISIP,60.3,2.98,18.7,61.7,0,1
STD_0463,FEB,83.0,3.47,9.5,72.1,1,0
STD_0464,FTMM,66.4,3.24,7.0,70.3,0,0
STD_0465,FH,61.4,2.62,13.0,64.4,4,1
STD_0466,FTMM,65.2,3.26,8.8,71.4,3,0
STD_0467,FH,84.1,2.6,14.4,67.0,1,1
STD_0468,FISIP,75.4,2.78,9.1,57.8,2,0
STD_0469,FISIP,72.7,3.19,10.4,62.8,2,1
STD_0470,FTMM,61.6,3.25,15.5,60.6,5,1
STD_0471,FTMM,68.7,2.51,7.9,42.3,6,1
STD_0472,FH,87.1,3.63,10.8,78.4,1,0
STD_0473,FH,54.6,3.39,9.6,75.3,3,1
STD_0474,FEB,83.6,2.75,8.2,59.9,1,1
STD_0475,FEB,92.2,2.33,9.1,66.6,0,0
STD_0476,FEB,83.2,3.03,16.0,80.4,1,0
STD_0477,FTMM,66.3,2.88,8.4,64.9,1,0
STD_0478,FEB,84.7,3.16,10.8,58.8,0,0
STD_0479,FTMM,67.7,2.92,12.5,63.8,1,0
STD_0480,FISIP,73.1,2.1,6.1,47.1,5,1
STD_0481,FST,78.7,2.91,7.8,62.9,0,0
STD_0482,FISIP,78.4,2.95,22.1,63.4,0,0
STD_0483,FTMM,85.6,3.42,14.5,73.1,1,0
STD_0484,FTMM,70.0,2.75,10.7,61.9,5,1
STD_0485,FST,66.6,3.94,14.1,83.7,8,1
STD_0486,FH,92.0,2.14,4.5,54.6,2,1
STD_0487,FH,81.9,3.76,13.3,88.0,4,0
STD_0488,FH,88.5,2.99,10.2,62.5,0,0
STD_0489,FEB,90.2,3.53,11.8,90.8,0,0
STD_0490,FH,57.0,3.14,9.0,65.0,5,1
STD_0491,FEB,88.8,3.67,7.8,70.5,0,0
STD_0492,FEB,78.0,2.91,7.1,71.2,0,1
STD_0493,FH,93.3,2.55,23.2,54.5,0,0
STD_0494,FH,69.1,3.81,10.8,88.8,1,0
STD_0495,FST,99.4,3.04,9.9,51.6,0,0
STD_0496,FST,78.0,3.21,6.7,85.4,0,0
STD_0497,FEB,69.7,3.72,7.7,89.7,5,1
STD_0498,FST,85.8,2.58,12.7,49.7,1,1
STD_0499,FEB,69.6,3.4,11.4,66.1,4,1
STD_0500,FTMM,57.8,2.81,9.9,79.5,2,0
STD_0501,FEB,91.2,3.03,7.7,64.8,1,0
STD_0502,FEB,85.9,3.14,14.5,66.0,0,0
STD_0503,FST,70.1,2.35,5.8,38.9,4,1
STD_0504,FTMM,94.5,2.71,6.7,61.4,1,0
STD_0505,FISIP,87.1,3.78,11.3,83.7,0,0
STD_0506,FISIP,61.5,3.54,9.1,86.6,3,1
STD_0507,FISIP,89.2,3.07,7.8,60.2,1,0
STD_0508,FTMM,85.3,3.22,12.7,62.3,0,0
STD_0509,FH,93.0,2.95,12.2,72.7,2,1
STD_0510,FTMM,75.4,3.78,18.0,93.6,1,0
STD_0511,FST,74.7,3.0,9.2,57.4,5,1
STD_0512,FEB,79.1,3.22,6.9,83.0,1,1
STD_0513,FEB,73.6,3.67,9.3,83.8,3,0
STD_0514,FST,78.2,2.71,28.9,73.0,0,0
STD_0515,FST,75.5,3.88,13.2,87.0,0,0
STD_0516,FEB,79.1,2.33,12.1,36.5,0,0
STD_0517,FH,82.1,3.91,7.9,87.1,1,0
STD_0518,FH,69.5,2.91,10.2,76.8,5,1
STD_0519,FH,96.6,2.98,6.2,62.4,0,0
STD_0520,FST,91.5,2.15,9.4,50.0,1,1
STD_0521,FEB,80.6,2.87,21.0,66.0,2,0
STD_0522,FEB,56.1,2.58,25.9,38.4,4,1
STD_0523,FEB,88.9,2.8,10.3,79.3,1,0
STD_0524,FTMM,68.2,3.03,9.7,63.4,3,0
STD_0525,FTMM,97.2,3.58,24.6,85.6,0,0
STD_0526,FISIP,78.0,3.2,13.1,73.4,0,0
STD_0527,FTMM,67.1,3.25,6.9,85.1,3,0
STD_0528,FH,71.7,2.55,8.9,64.3,3,1
STD_0529,FH,79.4,2.66,7.0,61.3,0,0
STD_0530,FH,79.6,4.0,11.8,82.8,2,0
STD_0531,FH,67.8,2.73,9.1,71.0,4,1
STD_0532,FISIP,83.0,3.93,13.1,73.6,1,0
STD_0533,FH,83.9,2.98,8.6,74.7,0,0
STD_0534,FST,56.2,3.1,7.3,63.2,3,1
STD_0535,FST,87.2,3.64,11.5,92.7,0,0
STD_0536,FST,73.4,3.74,18.1,86.0,0,0
STD_0537,FTMM,68.5,3.04,12.6,76.0,2,0
STD_0538,FEB,77.9,2.91,8.3,68.8,2,0
STD_0539,FISIP,83.0,3.07,22.6,57.4,1,0
STD_0540,FST,49.3,3.27,21.1,68.5,4,1
STD_0541,FST,94.8,3.55,8.5,86.3,4,0
STD_0542,FH,63.6,3.1,6.4,73.4,2,1
STD_0543,FST,78.3,3.41,14.9,87.6,0,0
STD_0544,FH,75.8,3.92,18.4,91.6,1,0
STD_0545,FH,86.1,3.29,27.2,68.1,0,0
STD_0546,FEB,87.2,3.26,19.7,68.7,2,0
STD_0547,FTMM,82.5,2.34,10.2,57.6,0,1
STD_0548,FH,44.0,1.78,8.1,27.2,2,1
STD_0549,FH,55.9,3.29,6.8,89.3,4,1
STD_0550,FEB,83.2,3.05,7.8,74.6,0,0
STD_0551,FH,75.4,2.84,9.4,76.7,0,0
STD_0552,FISIP,80.7,3.22,12.4,61.8,1,0
STD_0553,FTMM,83.5,3.07,11.0,81.4,0,0
STD_0554,FISIP,87.0,3.66,15.5,100.0,0,0
STD_0555,FST,88.8,3.14,8.3,62.3,0,0
STD_0556,FTMM,73.9,2.73,10.4,70.7,5,1
STD_0557,FST,74.3,3.6,7.7,81.9,2,0
STD_0558,FH,73.4,2.99,9.2,57.5,5,1
STD_0559,FEB,80.3,3.36,15.0,81.2,1,0
STD_0560,FISIP,87.0,2.86,12.8,73.9,0,0
STD_0561,FST,85.4,2.78,33.6,60.7,0,0
STD_0562,FH,96.4,3.14,8.2,82.2,0,0
STD_0563,FISIP,73.0,3.11,10.4,58.8,2,1
STD_0564,FISIP,96.6,3.34,9.1,64.8,2,0
STD_0565,FST,62.1,2.97,9.4,70.4,3,0
STD_0566,FH,70.2,2.18,16.0,53.8,3,1
STD_0567,FEB,49.0,2.88,12.7,61.9,2,1
STD_0568,FST,66.6,3.5,19.8,86.4,4,0
STD_0569,FISIP,86.7,2.95,7.3,73.3,0,0
STD_0570,FISIP,76.8,2.98,18.4,76.4,0,0
STD_0571,FTMM,87.6,3.59,7.6,80.9,2,0
STD_0572,FH,80.8,2.74,18.7,69.7,0,0
STD_0573,FTMM,57.1,2.33,7.1,53.0,5,1
STD_0574,FEB,75.7,3.02,8.3,86.8,2,0
STD_0575,FST,92.1,2.86,10.0,60.7,2,0
STD_0576,FISIP,82.2,2.62,22.2,79.2,0,0
STD_0577,FH,79.2,3.01,6.3,70.5,0,0
STD_0578,FISIP,83.4,3.35,9.3,65.9,1,0
STD_0579,FTMM,58.9,3.1,17.8,82.9,3,0
STD_0580,FTMM,71.3,3.25,9.5,76.1,3,1
STD_0581,FST,78.1,4.0,9.3,96.8,0,0
STD_0582,FH,69.1,2.93,9.2,78.4,5,1
STD_0583,FH,72.2,3.24,9.4,77.5,3,1
STD_0584,FST,90.9,2.85,20.5,62.2,0,0
STD_0585,FTMM,56.2,2.68,14.0,71.3,1,1
STD_0586,FTMM,93.5,2.81,9.8,66.2,1,0
STD_0587,FTMM,93.1,2.86,32.4,72.7,2,0
STD_0588,FISIP,91.1,3.28,10.3,58.4,1,0
STD_0589,FEB,45.6,4.0,8.4,93.6,2,1
STD_0590,FTMM,69.5,2.74,7.3,59.7,1,0
STD_0591,FEB,90.9,2.89,9.2,81.1,1,0
STD_0592,FEB,89.9,3.07,7.2,76.4,2,1
STD_0593,FH,83.8,3.3,24.3,77.9,0,0
STD_0594,FST,73.1,3.23,15.2,78.5,3,1
STD_0595,FISIP,75.8,3.74,9.4,76.9,1,0
STD_0596,FEB,77.0,1.89,9.1,60.7,0,0
STD_0597,FISIP,60.3,1.91,11.5,64.1,3,1
STD_0598,FH,80.4,2.85,22.7,70.2,1,0
STD_0599,FTMM,78.1,3.65,20.1,95.7,3,0
STD_0600,FEB,80.4,2.32,9.0,51.8,3,1
STD_0601,FST,95.3,1.6,12.1,35.5,1,1
STD_0602,FH,77.2,3.39,11.7,78.0,0,0
STD_0603,FISIP,79.8,3.22,11.3,77.9,0,0
STD_0604,FTMM,80.9,2.55,5.8,57.9,1,1
STD_0605,FISIP,69.0,2.61,6.0,66.4,5,1
STD_0606,FST,90.3,2.62,9.8,64.8,2,1
STD_0607,FEB,85.9,3.16,8.2,65.1,1,0
STD_0608,FST,93.4,2.79,5.7,69.9,0,0
STD_0609,FISIP,83.3,3.35,14.4,83.8,1,0
STD_0610,FISIP,97.8,1.67,3.5,44.8,0,1
STD_0611,FST,96.5,2.67,10.8,72.7,1,0
STD_0612,FST,83.7,2.54,9.7,51.0,0,0
STD_0613,FST,96.1,2.97,26.8,73.2,1,0
STD_0614,FTMM,80.5,2.83,9.6,57.3,2,1
STD_0615,FISIP,69.1,3.5,7.4,71.1,3,0
STD_0616,FH,56.1,2.17,9.2,48.4,7,1
STD_0617,FTMM,89.7,3.12,17.3,64.9,1,0
STD_0618,FTMM,86.0,3.38,40.0,73.2,3,0
STD_0619,FTMM,92.8,4.0,11.4,88.3,1,0
STD_0620,FH,88.1,2.86,8.0,73.9,0,0
STD_0621,FST,54.7,3.26,20.8,72.7,5,0
STD_0622,FISIP,68.2,2.2,5.7,41.3,6,1
STD_0623,FEB,86.6,1.9,9.5,57.2,1,1
STD_0624,FEB,97.9,3.52,10.2,73.8,0,0
STD_0625,FISIP,98.0,3.1,6.4,71.5,1,0
STD_0626,FH,84.6,3.69,9.9,87.4,4,0
STD_0627,FEB,79.0,2.41,6.7,59.9,1,1
STD_0628,FTMM,60.0,3.36,13.7,86.0,5,1
STD_0629,FEB,81.8,4.0,25.8,93.8,1,0
STD_0630,FISIP,72.5,3.31,8.5,69.3,3,1
STD_0631,FTMM,95.8,3.24,16.5,92.2,1,0
STD_0632,FEB,68.2,3.1,6.6,73.6,6,1
STD_0633,FISIP,74.4,2.31,9.3,55.1,3,1
STD_0634,FH,94.3,3.78,8.0,93.3,0,0
STD_0635,FISIP,59.0,2.79,21.9,67.9,2,1
STD_0636,FH,87.2,3.35,15.4,80.2,1,0
STD_0637,FTMM,74.8,2.32,11.1,76.3,1,1
STD_0638,FISIP,87.2,2.51,15.4,58.0,1,1
STD_0639,FST,93.7,3.82,13.9,83.8,0,0
STD_0640,FST,77.0,2.93,26.7,69.5,1,0
STD_0641,FST,70.3,3.83,15.2,95.1,4,1
STD_0642,FST,55.2,3.06,21.6,59.2,3,1
STD_0643,FST,89.3,2.18,8.7,37.9,2,1
STD_0644,FH,65.0,3.55,7.8,76.2,4,0
STD_0645,FISIP,95.7,2.81,10.1,53.0,0,0
STD_0646,FTMM,74.0,3.45,7.7,75.6,3,0
STD_0647,FST,85.3,3.11,11.6,76.3,0,0
STD_0648,FST,52.9,2.33,8.6,49.4,1,1
STD_0649,FTMM,79.0,3.18,12.2,62.2,0,0
STD_0650,FTMM,89.7,4.0,8.1,90.6,0,0
STD_0651,FST,73.1,3.35,8.0,83.8,2,0
STD_0652,FH,71.2,3.07,10.2,57.9,4,1
STD_0653,FTMM,74.1,3.64,25.3,89.3,0,0
STD_0654,FISIP,73.5,3.21,9.3,80.6,5,1
STD_0655,FISIP,82.3,3.2,9.7,81.7,0,0
STD_0656,FH,79.2,2.55,12.6,70.8,0,0
STD_0657,FEB,41.6,3.22,12.0,92.0,5,1
STD_0658,FH,87.6,3.62,9.4,79.5,0,0
STD_0659,FST,79.0,2.68,8.5,64.5,0,0
STD_0660,FEB,83.6,3.81,9.1,82.9,0,0
STD_0661,FST,75.6,3.05,26.4,71.1,1,0
STD_0662,FISIP,90.4,2.66,6.2,75.4,3,1
STD_0663,FTMM,53.3,3.6,10.0,71.2,0,0
STD_0664,FST,94.9,2.96,6.1,62.2,1,0
STD_0665,FISIP,85.6,3.48,8.5,90.6,0,0
STD_0666,FH,69.8,2.95,15.0,77.2,3,0
STD_0667,FST,73.6,3.07,7.5,68.5,4,1
STD_0668,FISIP,82.6,3.35,7.2,83.8,0,0
STD_0669,FTMM,89.2,3.25,10.4,77.6,2,0
STD_0670,FST,80.1,2.1,4.3,64.0,0,1
STD_0671,FISIP,94.1,2.54,5.6,61.4,1,1
STD_0672,FST,80.4,3.56,17.0,89.5,1,0
STD_0673,FTMM,80.0,3.03,14.9,91.8,1,0
STD_0674,FST,56.3,2.84,20.5,71.5,3,0
STD_0675,FST,93.9,2.42,16.4,58.8,0,0
STD_0676,FISIP,84.9,2.56,12.0,67.0,2,0
STD_0677,FEB,79.2,2.09,4.5,48.9,0,1
STD_0678,FST,72.6,3.05,15.3,90.1,5,0
STD_0679,FEB,58.7,2.8,16.8,67.5,5,1
STD_0680,FH,88.7,2.62,14.9,60.2,0,1
STD_0681,FST,82.0,3.07,10.4,64.6,0,1
STD_0682,FEB,68.0,3.28,8.2,84.4,5,1
STD_0683,FH,74.7,4.0,19.2,96.9,5,0
STD_0684,FISIP,72.9,2.34,12.5,52.9,3,1
STD_0685,FST,84.0,3.68,31.1,88.2,1,0
STD_0686,FISIP,87.8,3.59,8.2,69.7,2,0
STD_0687,FH,72.6,2.71,7.0,65.7,5,1
STD_0688,FISIP,77.4,3.2,7.8,77.7,0,0
STD_0689,FISIP,93.8,2.87,15.2,81.1,0,0
STD_0690,FTMM,74.0,3.19,7.6,67.7,1,0
STD_0691,FH,58.6,3.85,8.1,76.9,1,0
STD_0692,FISIP,72.9,3.4,40.0,70.9,1,0
STD_0693,FEB,58.0,3.35,6.9,66.4,6,1
STD_0694,FH,93.9,2.88,16.6,78.4,4,0
STD_0695,FTMM,63.7,2.36,7.4,69.5,3,0
STD_0696,FST,96.9,3.0,17.0,72.5,1,0
STD_0697,FISIP,55.9,3.7,12.3,93.8,4,0
STD_0698,FEB,81.8,2.34,18.6,57.8,0,0
STD_0699,FTMM,80.6,2.57,20.8,60.7,3,1
STD_0700,FH,85.5,3.16,6.4,70.6,1,0
STD_0701,FISIP,82.0,2.61,5.7,59.7,1,1
STD_0702,FTMM,76.3,2.7,7.1,51.7,0,1
STD_0703,FTMM,74.9,2.89,12.4,69.9,4,1
STD_0704,FEB,88.5,2.42,18.0,58.0,1,1
STD_0705,FST,85.6,2.61,8.9,68.2,0,0
STD_0706,FST,75.2,3.45,12.5,79.8,1,0
STD_0707,FST,91.6,2.45,6.1,57.6,1,0
STD_0708,FH,81.1,2.3,14.4,49.1,3,1
STD_0709,FTMM,75.1,2.78,26.1,66.3,0,0
STD_0710,FH,90.7,3.47,8.8,85.2,1,1
STD_0711,FTMM,86.8,3.0,10.1,60.9,0,0
STD_0712,FEB,78.1,2.87,6.3,68.1,0,0
STD_0713,FEB,61.4,3.12,11.2,74.3,3,0
STD_0714,FH,85.2,2.23,8.6,48.8,1,1
STD_0715,FH,53.4,3.35,7.6,72.2,1,0
STD_0716,FEB,71.1,3.29,10.1,77.7,4,0
STD_0717,FISIP,79.4,2.9,8.2,58.8,0,1
STD_0718,FST,86.9,3.6,11.6,84.9,0,0
STD_0719,FST,78.7,2.54,10.4,53.6,2,1
STD_0720,FEB,96.4,3.66,7.4,91.8,1,0
STD_0721,FST,59.1,3.18,14.9,92.2,3,1
STD_0722,FISIP,63.2,2.93,13.4,61.7,4,1
STD_0723,FISIP,72.9,3.09,8.9,76.1,2,0
STD_0724,FTMM,75.2,3.05,6.4,65.1,0,1
STD_0725,FH,79.0,3.71,15.9,92.5,0,0
STD_0726,FST,98.7,2.56,23.8,51.1,1,0
STD_0727,FISIP,72.8,2.72,7.1,68.2,1,0
STD_0728,FH,52.7,3.62,9.6,75.4,2,0
STD_0729,FH,78.3,2.8,6.8,64.4,1,1
STD_0730,FTMM,70.3,3.55,12.3,72.8,3,1
STD_0731,FH,93.5,3.95,8.9,95.6,1,0
STD_0732,FH,75.6,2.9,8.4,61.3,2,1
STD_0733,FEB,64.6,3.44,14.0,83.2,4,0
STD_0734,FTMM,61.9,2.52,10.0,57.7,0,1
STD_0735,FTMM,80.0,3.48,9.9,78.6,0,0
STD_0736,FST,76.1,3.2,9.7,75.2,1,0
STD_0737,FH,77.7,3.34,11.6,70.6,1,0
STD_0738,FST,66.0,2.78,5.6,67.2,7,1
STD_0739,FISIP,83.1,2.27,5.0,67.6,0,0
STD_0740,FH,93.0,3.35,19.5,70.8,1,0
STD_0741,FISIP,50.5,2.07,4.6,60.7,1,1
STD_0742,FEB,62.8,2.94,13.2,80.8,3,1
STD_0743,FH,74.1,3.57,22.3,74.9,7,1
STD_0744,FST,92.1,3.2,8.3,62.3,0,0
STD_0745,FST,94.5,4.0,10.8,92.4,0,0
STD_0746,FH,66.5,3.61,12.3,77.9,3,0
STD_0747,FST,95.6,2.77,18.4,80.4,1,0
STD_0748,FH,95.6,3.11,23.3,72.6,0,0
STD_0749,FTMM,86.8,3.08,14.2,65.1,0,0
STD_0750,FST,78.2,2.31,5.2,47.0,1,1
STD_0751,FH,77.3,2.63,11.9,71.3,2,1
STD_0752,FH,76.1,2.82,8.8,61.8,1,1
STD_0753,FST,63.9,2.08,8.0,52.0,5,1
STD_0754,FTMM,67.5,3.12,6.5,80.1,2,0
STD_0755,FST,68.7,2.98,7.2,65.6,0,0
STD_0756,FH,68.2,2.26,13.9,54.9,5,1
STD_0757,FTMM,55.7,3.3,10.2,75.9,2,1
STD_0758,FISIP,94.9,3.46,9.1,84.6,0,0
STD_0759,FEB,74.6,3.21,9.3,79.0,2,1
STD_0760,FST,61.9,2.94,17.4,67.0,2,0
STD_0761,FH,48.8,3.4,15.1,78.4,3,0
STD_0762,FTMM,88.4,3.44,8.8,75.8,2,0
STD_0763,FTMM,68.7,3.25,7.3,63.3,3,0
STD_0764,FISIP,78.5,2.69,7.1,65.8,3,0
STD_0765,FST,62.3,3.24,21.7,89.9,0,0
STD_0766,FTMM,84.1,3.7,12.6,76.9,1,1
STD_0767,FISIP,80.4,2.8,10.2,59.8,1,1
STD_0768,FH,44.6,4.0,13.4,83.0,4,0
STD_0769,FISIP,88.1,2.84,8.4,72.5,2,0
STD_0770,FST,90.4,3.12,16.1,75.9,0,0
STD_0771,FISIP,76.2,2.76,10.0,64.0,1,0
STD_0772,FTMM,70.4,3.21,7.2,66.9,3,0
STD_0773,FTMM,89.3,2.23,5.3,55.3,0,1
STD_0774,FEB,81.4,2.83,10.3,54.0,1,0
STD_0775,FISIP,77.2,2.55,21.7,62.2,2,1
STD_0776,FH,71.6,3.17,8.5,80.3,2,0
STD_0777,FST,79.2,3.6,19.4,71.9,0,0
STD_0778,FEB,93.6,3.42,15.5,66.2,1,0
STD_0779,FISIP,83.4,1.91,5.5,60.9,1,1
STD_0780,FH,60.1,4.0,8.2,85.1,4,0
STD_0781,FEB,76.6,3.25,7.1,84.0,2,0
STD_0782,FTMM,79.1,2.71,13.2,63.0,1,0
STD_0783,FST,77.6,3.18,7.7,72.3,0,0
STD_0784,FISIP,73.7,3.19,9.2,77.3,4,0
STD_0785,FH,75.7,2.77,9.7,58.3,1,1
STD_0786,FTMM,49.2,3.2,14.2,75.0,5,1
STD_0787,FEB,80.1,2.8,6.3,62.9,2,0
STD_0788,FST,66.5,2.9,8.9,57.4,2,1
STD_0789,FEB,56.8,2.76,9.5,67.8,3,1
STD_0790,FEB,88.4,2.38,9.4,55.6,0,0
STD_0791,FH,89.6,3.17,16.6,72.2,1,1
STD_0792,FTMM,73.0,3.39,7.9,68.2,3,1
STD_0793,FISIP,95.2,3.36,16.6,89.9,3,0
STD_0794,FH,92.2,3.51,14.1,87.2,1,0
STD_0795,FST,83.1,3.26,11.4,83.0,2,0
STD_0796,FEB,68.1,2.83,12.9,64.2,5,1
STD_0797,FST,78.2,3.52,10.2,66.6,1,1
STD_0798,FH,69.4,2.42,5.7,74.0,3,1
STD_0799,FH,85.7,2.65,11.9,62.5,1,1
STD_0800,FISIP,68.1,2.62,9.7,56.4,1,1
STD_0801,FEB,71.8,3.64,13.4,86.1,2,0
STD_0802,FH,82.7,3.57,9.6,90.8,0,0
STD_0803,FST,93.9,3.34,20.9,76.7,1,0
STD_0804,FISIP,61.9,3.64,12.6,92.9,3,1
STD_0805,FST,56.4,2.66,5.9,71.9,3,1
STD_0806,FEB,74.5,3.27,10.1,66.9,3,1
STD_0807,FISIP,81.9,3.04,14.5,65.4,0,0
STD_0808,FISIP,84.8,3.52,16.5,88.1,2,0
STD_0809,FISIP,71.3,3.04,10.2,49.1,6,1
STD_0810,FTMM,90.5,2.91,19.3,67.0,1,0
STD_0811,FISIP,71.2,3.37,8.6,66.0,2,0
STD_0812,FST,61.5,3.54,10.2,76.9,6,1
STD_0813,FST,63.6,2.77,19.3,62.9,5,1
STD_0814,FEB,79.6,3.07,19.7,68.5,2,0
STD_0815,FH,76.5,2.57,12.1,57.0,2,1
STD_0816,FH,88.9,1.85,15.5,38.2,1,1
STD_0817,FTMM,58.9,3.2,7.0,92.3,6,1
STD_0818,FISIP,67.7,3.4,18.8,93.0,7,0
STD_0819,FTMM,79.0,3.23,8.8,65.3,0,0
STD_0820,FEB,89.4,2.13,5.4,65.2,1,1
STD_0821,FEB,85.5,2.92,7.5,65.3,1,0
STD_0822,FH,92.8,1.99,7.2,50.9,1,1
STD_0823,FEB,64.7,3.78,9.3,85.2,2,0
STD_0824,FISIP,92.5,2.56,7.4,55.9,1,0
STD_0825,FST,77.3,3.73,8.3,92.4,0,0
STD_0826,FEB,79.6,3.57,9.3,82.5,1,0
STD_0827,FTMM,66.5,2.65,10.4,59.2,3,1
STD_0828,FISIP,96.1,2.53,8.6,50.2,0,0
STD_0829,FEB,67.4,3.28,9.1,68.4,4,1
STD_0830,FEB,73.8,2.68,13.6,50.4,3,1
STD_0831,FISIP,72.0,3.15,19.7,73.1,5,0
STD_0832,FEB,83.1,2.86,14.2,57.6,1,1
STD_0833,FST,60.6,2.21,6.8,52.1,2,1
STD_0834,FH,92.1,1.98,12.2,60.7,1,1
STD_0835,FISIP,76.3,3.21,7.4,83.9,0,0
STD_0836,FTMM,96.6,2.82,6.5,66.1,1,0
STD_0837,FEB,79.8,2.82,8.2,65.8,0,1
STD_0838,FH,84.4,3.45,16.8,94.0,3,0
STD_0839,FTMM,68.8,3.69,9.1,87.9,4,0
STD_0840,FTMM,91.3,2.96,6.3,66.7,5,1
STD_0841,FST,96.3,2.93,6.7,57.2,1,1
STD_0842,FH,31.2,3.35,18.4,80.2,1,1
STD_0843,FISIP,82.0,2.42,10.9,65.1,1,1
STD_0844,FH,75.6,3.21,8.2,69.2,3,1
STD_0845,FH,68.6,3.38,11.6,79.8,4,0
STD_0846,FTMM,74.7,3.44,11.4,75.9,5,0
STD_0847,FST,76.0,2.13,10.7,51.2,0,1
STD_0848,FST,72.7,2.72,7.0,44.5,1,1
STD_0849,FH,88.9,2.66,17.3,61.4,0,0
STD_0850,FH,80.4,3.15,8.5,80.8,0,0
STD_0851,FEB,93.9,3.34,13.8,71.8,2,0
STD_0852,FTMM,76.9,3.85,7.8,87.4,0,0
STD_0853,FISIP,85.7,2.85,8.5,61.0,1,0
STD_0854,FISIP,62.1,2.85,8.3,69.9,4,1
STD_0855,FST,72.7,3.67,12.1,81.8,2,0
STD_0856,FTMM,60.1,3.25,6.9,67.5,3,1
STD_0857,FST,78.1,3.73,16.8,95.3,0,0
STD_0858,FISIP,84.7,3.24,8.0,82.3,0,0
STD_0859,FH,74.7,2.52,11.8,55.6,0,1
STD_0860,FTMM,60.0,2.43,14.6,62.7,5,1
STD_0861,FTMM,73.9,2.32,9.6,60.8,2,1
STD_0862,FEB,79.3,3.43,15.0,83.8,1,0
STD_0863,FH,62.3,3.69,13.9,70.3,6,1
STD_0864,FH,77.4,4.0,10.6,98.1,1,0
STD_0865,FST,60.5,3.52,17.0,75.9,5,1
STD_0866,FTMM,75.5,3.68,9.5,80.8,1,0
STD_0867,FST,79.3,2.81,10.7,87.3,3,0
STD_0868,FH,66.8,2.52,13.3,62.9,3,1
STD_0869,FEB,86.6,3.53,9.9,77.4,1,0
STD_0870,FTMM,41.5,3.31,8.8,58.5,5,1
STD_0871,FH,79.9,3.15,10.0,84.2,2,0
STD_0872,FEB,74.6,3.29,16.8,65.1,2,0
STD_0873,FISIP,85.6,3.26,22.5,67.2,1,0
STD_0874,FH,86.5,3.74,12.2,82.2,1,0
STD_0875,FISIP,84.7,3.75,14.0,96.3,0,0
STD_0876,FST,89.4,3.37,20.8,83.6,1,0
STD_0877,FISIP,57.0,3.52,7.7,79.2,3,1
STD_0878,FH,68.6,3.36,8.3,79.6,1,0
STD_0879,FISIP,69.2,2.87,13.1,62.6,7,1
STD_0880,FTMM,93.8,3.48,17.4,80.7,0,0
STD_0881,FH,84.4,2.4,16.5,58.6,4,1
STD_0882,FEB,56.9,3.63,10.5,90.3,6,1
STD_0883,FISIP,83.5,2.5,5.6,67.8,0,1
STD_0884,FTMM,79.7,3.24,9.9,78.8,2,0
STD_0885,FST,76.7,2.68,6.9,60.6,2,1
STD_0886,FST,56.5,3.38,8.8,83.5,5,0
STD_0887,FISIP,63.5,3.08,15.0,70.9,2,0
STD_0888,FST,93.6,2.3,5.1,47.4,2,1
STD_0889,FEB,97.5,3.31,17.2,73.0,0,0
STD_0890,FH,75.9,2.81,9.0,66.9,2,1
STD_0891,FTMM,82.8,3.54,12.5,88.1,2,0
STD_0892,FISIP,80.0,3.1,6.8,70.5,0,0
STD_0893,FST,72.6,3.3,9.1,66.3,5,1
STD_0894,FH,75.0,2.62,5.8,62.9,0,0
STD_0895,FEB,60.2,2.81,25.2,67.0,7,1
STD_0896,FST,91.5,2.87,15.6,68.9,0,1
STD_0897,FST,55.0,3.53,10.7,87.9,4,1
STD_0898,FTMM,96.9,3.94,9.4,96.9,0,0
STD_0899,FEB,43.5,2.7,21.7,59.2,7,1
STD_0900,FEB,94.9,3.64,9.8,77.8,1,0
STD_0901,FISIP,69.1,2.02,5.1,42.0,6,1
STD_0902,FTMM,48.3,2.5,10.0,65.6,6,1
STD_0903,FISIP,89.9,2.62,22.5,74.0,1,0
STD_0904,FTMM,80.0,2.42,4.9,56.0,0,0
STD_0905,FEB,80.4,2.31,6.2,54.2,1,1
STD_0906,FTMM,83.7,3.31,23.3,87.9,1,0
STD_0907,FTMM,77.9,2.99,7.1,73.9,0,0
STD_0908,FTMM,60.2,3.29,7.3,79.3,2,0
STD_0909,FH,73.3,3.45,12.0,69.4,3,0
STD_0910,FH,76.8,3.23,18.3,80.1,0,0
STD_0911,FEB,52.7,3.43,10.7,71.1,4,1
STD_0912,FTMM,84.6,3.07,37.4,62.2,2,0
STD_0913,FEB,73.3,2.51,11.8,57.4,4,1
STD_0914,FH,43.2,3.63,7.7,77.9,3,0
STD_0915,FTMM,79.7,2.81,35.2,64.3,1,0
STD_0916,FISIP,73.8,2.63,8.4,51.1,6,1
STD_0917,FH,60.7,3.01,8.1,77.9,3,1
STD_0918,FH,67.8,2.64,10.2,71.9,4,1
STD_0919,FH,56.2,2.89,8.0,52.2,5,1
STD_0920,FTMM,65.6,3.27,7.1,83.3,2,1
STD_0921,FST,52.3,3.27,6.6,69.0,3,1
STD_0922,FISIP,73.2,2.65,8.9,69.9,5,1
STD_0923,FISIP,69.7,2.86,16.6,66.6,6,1
STD_0924,FEB,56.5,3.64,12.4,83.0,3,0
STD_0925,FTMM,92.8,3.35,40.0,75.5,0,0
STD_0926,FH,66.0,4.0,10.0,99.7,4,0
STD_0927,FST,94.8,3.69,9.4,73.9,2,0
STD_0928,FTMM,69.5,3.67,8.4,88.3,0,0
STD_0929,FTMM,90.2,2.41,5.9,66.9,0,0
STD_0930,FST,88.7,3.48,9.0,85.4,1,0
STD_0931,FH,91.5,3.07,15.6,90.1,1,0
STD_0932,FTMM,85.2,2.82,19.8,62.3,1,0
STD_0933,FISIP,72.8,3.18,28.5,81.3,3,0
STD_0934,FISIP,88.5,3.57,8.7,80.6,0,0
STD_0935,FST,92.5,3.35,19.5,86.9,1,0
STD_0936,FH,77.7,2.66,7.7,63.2,2,1
STD_0937,FST,76.1,3.47,7.7,76.3,0,0
STD_0938,FTMM,61.8,2.78,17.8,76.1,5,1
STD_0939,FISIP,90.4,3.21,12.5,70.2,0,0
STD_0940,FEB,41.5,2.95,7.0,57.7,0,1
STD_0941,FST,74.3,2.99,9.4,65.7,5,1
STD_0942,FEB,63.6,3.48,9.0,84.6,4,0
STD_0943,FEB,81.7,2.58,13.2,72.7,0,0
STD_0944,FISIP,72.9,4.0,11.6,90.9,5,0
STD_0945,FST,62.9,2.19,31.6,64.3,2,0
STD_0946,FEB,74.6,2.8,5.9,55.2,2,1
STD_0947,FTMM,73.6,3.29,9.2,72.2,2,0
STD_0948,FH,86.7,3.39,10.7,75.5,2,0
STD_0949,FH,84.4,3.05,10.3,70.1,0,0
STD_0950,FISIP,92.7,3.07,8.4,72.1,0,0
STD_0951,FST,70.3,3.31,14.4,81.6,4,0
STD_0952,FST,79.5,2.98,18.4,66.1,2,1
STD_0953,FH,82.3,3.8,24.3,87.0,2,0
STD_0954,FTMM,61.8,3.52,16.9,80.0,2,0
STD_0955,FH,94.9,3.54,18.5,73.3,1,0
STD_0956,FH,80.1,2.62,10.0,61.4,1,0
STD_0957,FST,88.4,3.06,16.6,70.1,0,0
STD_0958,FEB,81.0,2.95,8.1,67.7,2,0
STD_0959,FTMM,39.7,2.6,8.2,62.2,1,1
STD_0960,FST,92.2,3.28,8.8,76.2,0,0
STD_0961,FH,68.7,2.83,9.4,63.2,6,1
STD_0962,FEB,93.8,3.43,8.9,88.7,1,0
STD_0963,FTMM,79.9,2.56,24.7,51.9,1,0
STD_0964,FISIP,91.4,3.96,10.2,83.4,0,0
STD_0965,FTMM,98.4,2.65,5.9,85.3,2,0
STD_0966,FTMM,70.8,3.21,10.9,65.9,2,1
STD_0967,FH,78.5,3.5,7.3,69.1,0,0
STD_0968,FH,81.0,2.81,6.3,72.2,2,0
STD_0969,FISIP,80.6,3.53,8.5,63.9,1,0
STD_0970,FISIP,59.0,2.49,8.7,57.8,4,1
STD_0971,FISIP,83.3,3.83,11.1,100.0,0,0
STD_0972,FST,79.6,3.11,15.9,59.8,1,0
STD_0973,FST,82.6,2.8,13.7,50.2,1,0
STD_0974,FH,93.1,2.95,9.2,57.0,1,0
STD_0975,FH,76.9,3.5,9.4,87.3,0,0
STD_0976,FISIP,67.9,2.81,7.9,75.2,2,1
STD_0977,FST,99.1,2.73,14.4,60.4,0,0
STD_0978,FEB,48.3,2.99,6.3,75.3,4,1
STD_0979,FST,90.3,2.51,5.1,71.4,1,1
STD_0980,FH,82.2,4.0,17.5,100.0,0,0
STD_0981,FST,92.4,2.82,9.5,64.4,0,1
STD_0982,FH,91.3,3.52,7.9,61.9,1,0
STD_0983,FISIP,63.6,3.2,8.0,67.5,2,0
STD_0984,FISIP,83.8,2.61,21.4,58.7,1,1
STD_0985,FISIP,72.1,3.1,18.0,69.9,3,0
STD_0986,FEB,50.5,3.49,14.4,78.3,2,1
STD_0987,FEB,64.5,3.01,10.0,79.1,1,0
STD_0988,FH,82.2,3.7,11.8,94.1,0,0
STD_0989,FTMM,89.4,3.61,29.4,80.8,1,0
STD_0990,FEB,84.5,3.56,27.4,90.0,2,0
STD_0991,FH,67.7,2.87,7.2,70.3,4,1
STD_0992,FST,59.7,2.56,15.1,61.7,0,0
STD_0993,FISIP,65.4,2.79,6.9,73.1,4,1
STD_0994,FISIP,88.3,3.2,7.8,74.5,0,0
STD_0995,FISIP,96.0,3.37,13.5,93.9,1,0
STD_0996,FH,93.3,2.01,7.1,38.8,0,1
STD_0997,FISIP,89.6,3.1,22.3,67.8,1,0
STD_0998,FEB,79.2,3.18,6.9,72.6,0,0
STD_0999,FST,97.4,2.96,10.2,72.7,0,0
STD_1000,FISIP,57.2,3.75,22.5,95.1,5,0
